fpr,thresholds,tpr
0.0,1.0,0.045951859956236324
0.0,0.9999998999999999,0.05196936542669584
0.0,0.99999976,0.05470459518599562
0.0,0.99999964,0.05798687089715536
0.0,0.9999995,0.058533916849015315
0.0,0.99999917,0.06181619256017506
0.0,0.9999988999999999,0.06291028446389496
0.0,0.9999988000000001,0.06400437636761488
0.0,0.9999986999999999,0.06673960612691467
0.0,0.99999845,0.06892778993435449
0.0,0.99999833,0.07056892778993436
0.0,0.9999979999999999,0.07275711159737418
0.0,0.99999774,0.07385120350109409
0.0,0.9999976,0.07603938730853392
0.0,0.9999974,0.07658643326039387
0.0,0.9999969999999999,0.07768052516411379
0.0,0.9999956,0.08096280087527352
0.0,0.99999547,0.08205689277899343
0.0,0.99999464,0.0836980306345733
0.0,0.9999945,0.08479212253829321
0.0,0.9999944,0.08533916849015317
0.0,0.99999404,0.08643326039387308
0.0,0.999992,0.08916849015317287
0.0,0.9999914000000001,0.09080962800875274
0.0,0.99999046,0.09245076586433261
0.0,0.9999902,0.09354485776805252
0.0,0.9999894,0.09463894967177243
0.0,0.9999888000000001,0.09573304157549234
0.0,0.9999650999999999,0.11652078774617068
0.0,0.9999646999999999,0.11761487964989059
0.0,0.99996376,0.11925601750547046
0.0,0.9999627000000001,0.12035010940919037
0.0,0.9999578000000001,0.12253829321663019
0.0,0.99995756,0.12363238512035012
0.0,0.9999566999999999,0.12472647702407003
0.0,0.9999559000000001,0.12582056892778992
0.0,0.99992156,0.1422319474835886
0.0,0.9999176,0.14332603938730853
0.0,0.9993575000000001,0.19474835886214442
0.0,0.9993386999999999,0.19584245076586435
0.0,0.9959766,0.25601750547045954
0.00019508388607101054,0.9958610999999999,0.25601750547045954
0.00019508388607101054,0.97780013,0.350109409190372
0.0003901677721420211,0.97772276,0.350109409190372
0.0003901677721420211,0.9746882,0.3583150984682713
0.0005852516582130316,0.9745555,0.3583150984682713
0.0005852516582130316,0.9612444,0.387308533916849
0.0007803355442840422,0.961067,0.387308533916849
0.0007803355442840422,0.9514166,0.4075492341356674
0.0009754194303550526,0.9510559999999999,0.4075492341356674
0.0009754194303550526,0.9500709999999999,0.4086433260393873
0.0011705033164260631,0.9493450000000001,0.4086433260393873
0.0011705033164260631,0.9467038000000001,0.4113785557986871
0.0013655872024970737,0.9466288,0.4113785557986871
0.0013655872024970737,0.9431339,0.41739606126914663
0.0015606710885680843,0.9430721,0.41739606126914663
0.0015606710885680843,0.94050765,0.4217724288840263
0.001755754974639095,0.9404923000000001,0.4217724288840263
0.001755754974639095,0.9403325000000001,0.42286652078774617
0.0019508388607101053,0.94019204,0.42286652078774617
0.0019508388607101053,0.9365019,0.4261487964989059
0.002145922746781116,0.93602175,0.4261487964989059
0.002145922746781116,0.92184734,0.4425601750547046
0.0023410066328521262,0.9216883,0.4425601750547046
0.0023410066328521262,0.9203565,0.44529540481400437
0.002536090518923137,0.9191552,0.44529540481400437
0.002536090518923137,0.9129902,0.449671772428884
0.0027311744049941474,0.91276115,0.449671772428884
0.0027311744049941474,0.9122678,0.45021881838074396
0.002926258291065158,0.91198057,0.45021881838074396
0.002926258291065158,0.9109265999999999,0.45185995623632386
0.0031213421771361686,0.9106171999999999,0.45185995623632386
0.0031213421771361686,0.9012406999999999,0.4638949671772429
0.003316426063207179,0.9006684000000001,0.4638949671772429
0.003316426063207179,0.89977974,0.4660831509846827
0.00351150994927819,0.8977963,0.4660831509846827
0.00351150994927819,0.89036113,0.47319474835886216
0.0037065938353492,0.8901326999999999,0.47319474835886216
0.0037065938353492,0.8892628,0.4737417943107221
0.0039016777214202106,0.88891894,0.4737417943107221
0.0039016777214202106,0.88454247,0.47811816192560175
0.004291845493562232,0.88344425,0.47811816192560175
0.004291845493562232,0.88273853,0.47921225382932164
0.004486929379633242,0.88213646,0.47921225382932164
0.004486929379633242,0.8675394000000001,0.49179431072210067
0.0046820132657042525,0.8669882999999999,0.49179431072210067
0.0046820132657042525,0.86348087,0.49562363238512036
0.004877097151775264,0.86313945,0.49562363238512036
0.004877097151775264,0.8570131,0.5010940919037199
0.005072181037846274,0.8566537000000001,0.5010940919037199
0.005072181037846274,0.85126805,0.5038293216630197
0.0052672649239172845,0.85084045,0.5038293216630197
0.0052672649239172845,0.8487129000000001,0.5076586433260394
0.005462348809988295,0.8486961999999999,0.5076586433260394
0.005462348809988295,0.8481586999999999,0.5082056892778993
0.005657432696059305,0.8481004000000001,0.5082056892778993
0.005657432696059305,0.8468114,0.5098468271334792
0.005852516582130316,0.8464261000000001,0.5098468271334792
0.005852516582130316,0.8448502,0.5109409190371991
0.006047600468201327,0.84392196,0.5109409190371991
0.006047600468201327,0.83927137,0.5158643326039387
0.006242684354272337,0.83873874,0.5158643326039387
0.006242684354272337,0.83761835,0.5175054704595186
0.006437768240343348,0.8372394000000001,0.5175054704595186
0.006437768240343348,0.83664435,0.5180525164113785
0.006632852126414358,0.83578277,0.5180525164113785
0.006632852126414358,0.8291889000000001,0.5235229759299781
0.006827936012485368,0.82814944,0.5235229759299781
0.006827936012485368,0.8216459999999999,0.5284463894967177
0.00702301989855638,0.8209347,0.5284463894967177
0.00702301989855638,0.8112849,0.5333698030634574
0.00721810378462739,0.81073207,0.5333698030634574
0.00721810378462739,0.8079883000000001,0.5361050328227571
0.0074131876706984,0.80652684,0.5361050328227571
0.0074131876706984,0.80328745,0.5388402625820569
0.007608271556769411,0.8026138,0.5388402625820569
0.007608271556769411,0.797597,0.5432166301969366
0.007803355442840421,0.79693335,0.5432166301969366
0.007803355442840421,0.794578,0.5443107221006565
0.008193523214982443,0.7941861,0.5443107221006565
0.008193523214982443,0.78637314,0.5492341356673961
0.008388607101053453,0.7862191999999999,0.5492341356673961
0.008388607101053453,0.7806743,0.5525164113785558
0.008583690987124463,0.77935296,0.5525164113785558
0.008583690987124463,0.7786504,0.5536105032822757
0.008778774873195474,0.77772415,0.5536105032822757
0.008778774873195474,0.76952034,0.5585339168490153
0.009168942645337495,0.76907796,0.5585339168490153
0.009168942645337495,0.7674718,0.5607221006564551
0.009364026531408505,0.76641864,0.5607221006564551
0.009364026531408505,0.7624883000000001,0.5650984682713348
0.009559110417479515,0.76127696,0.5650984682713348
0.009559110417479515,0.7580659000000001,0.5667396061269147
0.009754194303550527,0.7573376,0.5667396061269147
0.009754194303550527,0.75421286,0.5678336980306345
0.009949278189621538,0.751312,0.5678336980306345
0.009949278189621538,0.7502358,0.5689277899343544
0.010144362075692548,0.7502349,0.5689277899343544
0.010144362075692548,0.7458796999999999,0.5727571115973742
0.010534529847834569,0.7457577,0.5727571115973742
0.010534529847834569,0.7378672,0.5765864332603938
0.0111197815060476,0.7364635,0.5765864332603938
0.0111197815060476,0.73336214,0.5782275711159738
0.01131486539211861,0.7333360999999999,0.5782275711159738
0.01131486539211861,0.7333090999999999,0.5787746170678337
0.012485368708544674,0.7304871000000001,0.5787746170678337
0.012485368708544674,0.72949153,0.5809628008752735
0.012680452594615685,0.7288640000000001,0.5809628008752735
0.012680452594615685,0.7259445999999999,0.5836980306345733
0.012875536480686695,0.725526,0.5836980306345733
0.012875536480686695,0.71976936,0.5858862144420132
0.013070620366757706,0.719746,0.5858862144420132
0.013070620366757706,0.71876866,0.5864332603938731
0.013265704252828716,0.71804136,0.5864332603938731
0.013265704252828716,0.712591,0.587527352297593
0.013655872024970737,0.7094248000000001,0.587527352297593
0.013655872024970737,0.7082897,0.5886214442013129
0.01404603979711276,0.7080857,0.5886214442013129
0.01404603979711276,0.70534545,0.5897155361050328
0.01463129145532579,0.7007216,0.5897155361050328
0.01463129145532579,0.6977215,0.5913566739606126
0.0148263753413968,0.69672316,0.5913566739606126
0.0148263753413968,0.6957236,0.5919037199124726
0.015216543113538821,0.6916591,0.5919037199124726
0.015216543113538821,0.69050187,0.5929978118161926
0.015801794771751854,0.6856557,0.5929978118161926
0.015801794771751854,0.68525183,0.5935448577680525
0.015996878657822865,0.6851728,0.5935448577680525
0.015996878657822865,0.6773704,0.5984682713347921
0.016387046429964885,0.6763474,0.5984682713347921
0.016387046429964885,0.67457515,0.6012035010940919
0.016582130316035896,0.67224854,0.6012035010940919
0.016582130316035896,0.6710119000000001,0.6022975929978118
0.017362465860319937,0.6684175,0.6022975929978118
0.017362465860319937,0.6678505,0.6033916849015317
0.017557549746390948,0.6675619,0.6033916849015317
0.017557549746390948,0.663515,0.6050328227571116
0.017752633632461958,0.6629799,0.6050328227571116
0.017752633632461958,0.6590271,0.6072210065645515
0.01794771751853297,0.65632975,0.6072210065645515
0.01794771751853297,0.65355814,0.6083150984682714
0.01814280140460398,0.6532413,0.6083150984682714
0.01814280140460398,0.6529978,0.6088621444201313
0.01872805306281701,0.65229577,0.6088621444201313
0.01872805306281701,0.65162665,0.6099562363238512
0.01892313694888802,0.65120953,0.6099562363238512
0.01892313694888802,0.6478265000000001,0.611597374179431
0.020093640265314086,0.63926405,0.611597374179431
0.020093640265314086,0.63896585,0.612691466083151
0.020288724151385096,0.63873076,0.612691466083151
0.020288724151385096,0.63780016,0.6137855579868708
0.020678891923527117,0.63580185,0.6137855579868708
0.020678891923527117,0.63554555,0.6143326039387309
0.020873975809598128,0.6348548,0.6143326039387309
0.020873975809598128,0.6321149,0.6159737417943107
0.021069059695669138,0.6316429,0.6159737417943107
0.021069059695669138,0.630025,0.6170678336980306
0.02126414358174015,0.62947565,0.6170678336980306
0.02126414358174015,0.6281609,0.6176148796498906
0.02145922746781116,0.6281466,0.6176148796498906
0.02145922746781116,0.62782836,0.6181619256017505
0.02165431135388217,0.6269177,0.6181619256017505
0.02165431135388217,0.6221984,0.6225382932166302
0.02243464689816621,0.6181089,0.6225382932166302
0.02243464689816621,0.6129946999999999,0.62527352297593
0.02262973078423722,0.6125129,0.62527352297593
0.02262973078423722,0.6123656999999999,0.6258205689277899
0.02301989855637924,0.6109923,0.6258205689277899
0.02301989855637924,0.60822165,0.6280087527352297
0.023605150214592276,0.60514295,0.6280087527352297
0.023605150214592276,0.604685,0.6285557986870897
0.023995317986734297,0.60178274,0.6285557986870897
0.023995317986734297,0.5958751,0.6329321663019694
0.024190401872805307,0.5947096,0.6329321663019694
0.024190401872805307,0.5894471,0.6356673960612691
0.024580569644947328,0.5881943000000001,0.6356673960612691
0.024580569644947328,0.58458936,0.637308533916849
0.02477565353101834,0.5838976,0.637308533916849
0.02477565353101834,0.58185685,0.6389496717724289
0.02497073741708935,0.58123356,0.6389496717724289
0.02497073741708935,0.58087397,0.6405908096280087
0.02516582130316036,0.58044255,0.6405908096280087
0.02516582130316036,0.58037037,0.6411378555798687
0.02536090518923137,0.5791343000000001,0.6411378555798687
0.02536090518923137,0.5726496,0.6438730853391685
0.02555598907530238,0.57243687,0.6438730853391685
0.02555598907530238,0.5682116,0.6444201312910285
0.02575107296137339,0.5667839,0.6444201312910285
0.02575107296137339,0.5666478,0.6449671772428884
0.02614124073351541,0.5660761999999999,0.6449671772428884
0.02614124073351541,0.5649183000000001,0.6460612691466083
0.027116660163870463,0.5598004,0.6460612691466083
0.027116660163870463,0.5589107,0.6466083150984683
0.027311744049941473,0.55761546,0.6466083150984683
0.027311744049941473,0.5575767,0.6471553610503282
0.027506827936012484,0.5560665,0.6471553610503282
0.027506827936012484,0.55425256,0.6482494529540481
0.027701911822083494,0.55364585,0.6482494529540481
0.027701911822083494,0.5517088000000001,0.649343544857768
0.027896995708154508,0.54978395,0.649343544857768
0.027896995708154508,0.54825294,0.649890590809628
0.02809207959422552,0.5477319,0.649890590809628
0.02809207959422552,0.5465760000000001,0.650984682713348
0.02848224736636754,0.5459470999999999,0.650984682713348
0.02848224736636754,0.54543,0.6515317286652079
0.02867733125243855,0.54525226,0.6515317286652079
0.02867733125243855,0.5446152,0.6526258205689278
0.02887241513850956,0.5444509,0.6526258205689278
0.02887241513850956,0.5422933000000001,0.6531728665207878
0.02906749902458057,0.5422137,0.6531728665207878
0.02906749902458057,0.54188377,0.6537199124726477
0.02945766679672259,0.5409318000000001,0.6537199124726477
0.02945766679672259,0.5409010000000001,0.6542669584245077
0.030042918454935622,0.53953683,0.6542669584245077
0.030042918454935622,0.53721225,0.6553610503282276
0.030238002341006633,0.5368326,0.6553610503282276
0.030238002341006633,0.5346751000000001,0.6570021881838074
0.030433086227077643,0.5345873000000001,0.6570021881838074
0.030433086227077643,0.53419876,0.6580962800875274
0.03160358954350371,0.5327142,0.6580962800875274
0.03160358954350371,0.53128403,0.6586433260393874
0.031798673429574716,0.53005475,0.6586433260393874
0.031798673429574716,0.5297746999999999,0.6597374179431073
0.03199375731564573,0.5273287,0.6597374179431073
0.03199375731564573,0.52657413,0.6608315098468271
0.03238392508778775,0.52515626,0.6608315098468271
0.03238392508778775,0.5250679,0.6613785557986871
0.03257900897385876,0.52417576,0.6613785557986871
0.03257900897385876,0.5231188,0.661925601750547
0.0333593445181428,0.5205392,0.661925601750547
0.0333593445181428,0.5192985999999999,0.662472647702407
0.03355442840421381,0.518016,0.662472647702407
0.03355442840421381,0.51114196,0.6673960612691466
0.03394459617635583,0.5103553,0.6673960612691466
0.03394459617635583,0.5097455,0.6679431072210066
0.03452984783456887,0.50881714,0.6679431072210066
0.03452984783456887,0.5044652000000001,0.6706783369803063
0.034724931720639875,0.5029339,0.6706783369803063
0.034724931720639875,0.50257856,0.6712253829321663
0.03531018337885291,0.50057757,0.6712253829321663
0.03531018337885291,0.49841684,0.6723194748358862
0.03570035115099493,0.49785727,0.6723194748358862
0.03570035115099493,0.49749792,0.6728665207877462
0.03609051892313695,0.49666459999999996,0.6728665207877462
0.03609051892313695,0.49629998,0.6734135667396062
0.03667577058134998,0.49390104,0.6734135667396062
0.03667577058134998,0.49259200000000003,0.6745076586433261
0.037065938353492,0.49196723,0.6745076586433261
0.037065938353492,0.49043515,0.675054704595186
0.038041357783847055,0.48806065,0.675054704595186
0.038041357783847055,0.4859443,0.6766958424507659
0.03823644166991806,0.48432383,0.6766958424507659
0.03823644166991806,0.48097828,0.6777899343544858
0.038431525555989075,0.48060688,0.6777899343544858
0.038431525555989075,0.48014474,0.6794310722100656
0.03862660944206009,0.48005649999999994,0.6794310722100656
0.03862660944206009,0.4781799,0.6799781181619255
0.03960202887241514,0.47339898,0.6799781181619255
0.03960202887241514,0.47250596,0.6810722100656456
0.03979711275848615,0.47126725,0.6810722100656456
0.03979711275848615,0.4712268,0.6816192560175055
0.03999219664455716,0.47009644,0.6816192560175055
0.03999219664455716,0.46258843,0.6859956236323851
0.04018728053062817,0.46245682,0.6859956236323851
0.04018728053062817,0.45819658,0.688183807439825
0.04057744830277019,0.457283,0.688183807439825
0.04057744830277019,0.45725954,0.6887308533916849
0.0407725321888412,0.4572501,0.6887308533916849
0.0407725321888412,0.4570474,0.6892778993435449
0.040967616074912214,0.45679796,0.6892778993435449
0.040967616074912214,0.45626009999999995,0.6898249452954048
0.04116269996098322,0.45594525,0.6898249452954048
0.04116269996098322,0.45558628,0.6903719912472648
0.04155286773312524,0.45488885,0.6903719912472648
0.04155286773312524,0.45445147,0.6909190371991247
0.042138119391338276,0.45299140000000004,0.6909190371991247
0.042138119391338276,0.44907662,0.6914660831509847
0.042723371049551304,0.44871179999999994,0.6914660831509847
0.042723371049551304,0.44803077,0.6920131291028446
0.04311353882169333,0.44747192,0.6920131291028446
0.04311353882169333,0.44722217,0.6925601750547046
0.04330862270776434,0.44670296,0.6925601750547046
0.04330862270776434,0.44653109999999996,0.6931072210065645
0.04369879047990636,0.44563287,0.6931072210065645
0.04369879047990636,0.4452729,0.6936542669584245
0.04408895825204838,0.44402546,0.6936542669584245
0.04408895825204838,0.44363612,0.6942013129102844
0.044284042138119394,0.44324565,0.6942013129102844
0.044284042138119394,0.44295722,0.6947483588621444
0.044674209910261414,0.44198418,0.6947483588621444
0.044674209910261414,0.44079307,0.6952954048140044
0.04486929379633242,0.4407308,0.6952954048140044
0.04486929379633242,0.44063735,0.6958424507658644
0.04564962934061646,0.43996260000000004,0.6958424507658644
0.04564962934061646,0.43982327,0.6963894967177243
0.04584471322668748,0.43905228,0.6963894967177243
0.04584471322668748,0.43887037,0.6969365426695843
0.04603979711275848,0.43836808,0.6969365426695843
0.04603979711275848,0.43821530000000003,0.6974835886214442
0.0462348809988295,0.43813090000000005,0.6974835886214442
0.0462348809988295,0.4371626,0.6985776805251641
0.046429964884900504,0.43671665,0.6985776805251641
0.046429964884900504,0.43630928,0.6991247264770241
0.04701521654311354,0.4346023,0.6991247264770241
0.04701521654311354,0.43271000000000004,0.699671772428884
0.04760046820132657,0.43093315,0.699671772428884
0.04760046820132657,0.43068624,0.700218818380744
0.04779555208739758,0.4291789000000001,0.700218818380744
0.04779555208739758,0.42836428,0.7007658643326039
0.04857588763168162,0.42708462,0.7007658643326039
0.04857588763168162,0.42577252,0.7013129102844639
0.048770971517752636,0.42547557,0.7013129102844639
0.048770971517752636,0.42510715,0.7018599562363238
0.049161139289894656,0.4241574000000001,0.7018599562363238
0.049161139289894656,0.42356294,0.7024070021881839
0.04935622317596566,0.42345834,0.7024070021881839
0.04935622317596566,0.42339740000000003,0.7029540481400438
0.04955130706203668,0.42315555,0.7029540481400438
0.04955130706203668,0.42270488,0.7040481400437637
0.0499414748341787,0.422019,0.7040481400437637
0.0499414748341787,0.42073116,0.7045951859956237
0.05033164260632072,0.41957453,0.7045951859956237
0.05033164260632072,0.41742520000000005,0.7062363238512035
0.05072181037846274,0.41128450000000005,0.7062363238512035
0.05072181037846274,0.41064325,0.7073304157549234
0.050916894264533746,0.41007683,0.7073304157549234
0.050916894264533746,0.40948096,0.7084245076586433
0.051307062036675774,0.40921646,0.7084245076586433
0.051307062036675774,0.40822559999999997,0.7095185995623632
0.05150214592274678,0.40817570000000003,0.7095185995623632
0.05150214592274678,0.40610653,0.7106126914660832
0.052087397580959816,0.40554179999999995,0.7106126914660832
0.052087397580959816,0.40504533,0.7111597374179431
0.05228248146703082,0.40357843,0.7111597374179431
0.05228248146703082,0.40260609999999997,0.7117067833698031
0.053843152555598905,0.3975698,0.7117067833698031
0.053843152555598905,0.39702909999999997,0.712800875273523
0.054233320327740926,0.39464387,0.712800875273523
0.054233320327740926,0.39257413,0.7138949671772429
0.05462348809988295,0.39146703,0.7138949671772429
0.05462348809988295,0.39073965,0.7149890590809628
0.05501365587202497,0.38848862,0.7149890590809628
0.05501365587202497,0.3874387,0.7166301969365426
0.05520873975809598,0.3873669,0.7166301969365426
0.05520873975809598,0.38700598,0.7171772428884027
0.05540382364416699,0.38676688,0.7171772428884027
0.05540382364416699,0.38576517,0.7177242888402626
0.055598907530238,0.3851757,0.7177242888402626
0.055598907530238,0.38517353,0.7182713347921226
0.055793991416309016,0.38419333,0.7182713347921226
0.055793991416309016,0.38349336,0.7188183807439825
0.05598907530238002,0.38309547,0.7188183807439825
0.05598907530238002,0.38303205,0.7193654266958425
0.05657432696059306,0.38002118,0.7193654266958425
0.05657432696059306,0.3786018,0.7199124726477024
0.05696449473273508,0.37698764,0.7199124726477024
0.05696449473273508,0.37689546,0.7204595185995624
0.057549746390948106,0.374328,0.7204595185995624
0.057549746390948106,0.37215640000000005,0.7226477024070022
0.05872024970737417,0.36870706,0.7226477024070022
0.05872024970737417,0.36717513,0.723741794310722
0.060085836909871244,0.3647242,0.723741794310722
0.060085836909871244,0.36439225,0.7242888402625821
0.06067108856808428,0.36086738,0.7242888402625821
0.06067108856808428,0.3602965,0.7248358862144421
0.060866172454155286,0.35969424,0.7248358862144421
0.060866172454155286,0.35947198,0.725382932166302
0.0610612563402263,0.35941914,0.725382932166302
0.0610612563402263,0.3589309,0.725929978118162
0.06125634022629731,0.35859007,0.725929978118162
0.06125634022629731,0.35822424,0.7264770240700219
0.06145142411236832,0.35821345,0.7264770240700219
0.06145142411236832,0.35762635,0.7270240700218819
0.06242684354272337,0.35486642,0.7270240700218819
0.06242684354272337,0.35423115,0.7286652078774617
0.06398751463129146,0.35046145,0.7286652078774617
0.06398751463129146,0.35030025,0.7292122538293216
0.06418259851736247,0.34965348,0.7292122538293216
0.06418259851736247,0.34874487,0.7297592997811816
0.06515801794771751,0.34742787,0.7297592997811816
0.06515801794771751,0.34735876,0.7303063457330415
0.06691377292235662,0.344423,0.7303063457330415
0.06691377292235662,0.3440684,0.7314004376367614
0.06827936012485368,0.34109876,0.7314004376367614
0.06827936012485368,0.34104672,0.7319474835886215
0.0684744440109247,0.34081933,0.7319474835886215
0.0684744440109247,0.34031156,0.7324945295404814
0.06886461178306671,0.33959374,0.7324945295404814
0.06886461178306671,0.33887005,0.7335886214442013
0.06905969566913774,0.33880797,0.7335886214442013
0.06905969566913774,0.3379377,0.7346827133479212
0.06984003121342178,0.33760715,0.7346827133479212
0.06984003121342178,0.3374739,0.7352297592997812
0.0721810378462739,0.33106428,0.7352297592997812
0.0721810378462739,0.33103144,0.7357768052516411
0.07335154116269996,0.32648423,0.7357768052516411
0.07335154116269996,0.32621986,0.736870897155361
0.07530238002341007,0.32159096,0.736870897155361
0.07530238002341007,0.3209183,0.7379649890590809
0.07647288333983612,0.318799,0.7379649890590809
0.07647288333983612,0.3182009,0.7396061269146609
0.07725321888412018,0.31630018,0.7396061269146609
0.07725321888412018,0.31531566,0.7407002188183808
0.07822863831447523,0.31401342,0.7407002188183808
0.07822863831447523,0.31234959999999995,0.7423413566739606
0.07900897385875927,0.3116021,0.7423413566739606
0.07900897385875927,0.31147942,0.7428884026258206
0.07920405774483028,0.31135732,0.7428884026258206
0.07920405774483028,0.31081823,0.7434354485776805
0.07998439328911432,0.30954155,0.7434354485776805
0.07998439328911432,0.30821165,0.7439824945295405
0.0815450643776824,0.30581528,0.7439824945295405
0.0815450643776824,0.3040354,0.7456236323851203
0.08213031603589543,0.30304906,0.7456236323851203
0.08213031603589543,0.30104384,0.7461706783369803
0.08291065158017948,0.29986793,0.7461706783369803
0.08291065158017948,0.29968593,0.7467177242888403
0.0833008193523215,0.2994433,0.7467177242888403
0.0833008193523215,0.29817775,0.7478118161925602
0.08388607101053452,0.29758290000000004,0.7478118161925602
0.08388607101053452,0.29723790000000005,0.7483588621444202
0.08408115489660554,0.29677585,0.7483588621444202
0.08408115489660554,0.29656994,0.7489059080962801
0.08447132266874756,0.29605204,0.7489059080962801
0.08447132266874756,0.2956718,0.74945295404814
0.08466640655481857,0.29566288,0.74945295404814
0.08466640655481857,0.29535702,0.75054704595186
0.0852516582130316,0.29466832,0.75054704595186
0.0852516582130316,0.29390165,0.7510940919037199
0.08564182598517363,0.29348728,0.7510940919037199
0.08564182598517363,0.29304603,0.7516411378555798
0.08661724541552868,0.29194412,0.7516411378555798
0.08661724541552868,0.2919122,0.7521881838074398
0.0870074131876707,0.29017988,0.7521881838074398
0.0870074131876707,0.29015115,0.7527352297592997
0.08739758095981272,0.28953812,0.7527352297592997
0.08739758095981272,0.28904903,0.7532822757111597
0.08778774873195475,0.28820866,0.7532822757111597
0.08778774873195475,0.287948,0.7538293216630197
0.0889582520483808,0.28656262,0.7538293216630197
0.0889582520483808,0.2859811,0.7543763676148797
0.08915333593445181,0.28597265,0.7543763676148797
0.08915333593445181,0.28547367,0.7549234135667396
0.08993367147873586,0.28479597,0.7549234135667396
0.08993367147873586,0.2847397,0.7554704595185996
0.09012875536480687,0.28445172,0.7554704595185996
0.09012875536480687,0.28416994,0.7565645514223195
0.09032383925087788,0.28363973,0.7565645514223195
0.09032383925087788,0.28307953,0.7571115973741794
0.09129925868123293,0.28081350000000005,0.7571115973741794
0.09129925868123293,0.2807515,0.7576586433260394
0.09207959422551697,0.28023675,0.7576586433260394
0.09207959422551697,0.28012790000000004,0.7582056892778993
0.09266484588373,0.27876514,0.7582056892778993
0.09266484588373,0.27856420000000004,0.7587527352297593
0.09285992976980101,0.27783653,0.7587527352297593
0.09285992976980101,0.27775500000000003,0.7592997811816192
0.09305501365587203,0.27726176,0.7592997811816192
0.09305501365587203,0.27720120000000004,0.7598468271334792
0.09383534920015607,0.2761822,0.7598468271334792
0.09383534920015607,0.2760296,0.7603938730853391
0.09422551697229808,0.2747355,0.7603938730853391
0.09422551697229808,0.27473322,0.7609409190371991
0.0944206008583691,0.27462432,0.7609409190371991
0.0944206008583691,0.2741936,0.7614879649890591
0.09481076863051112,0.27398455,0.7614879649890591
0.09481076863051112,0.2739459,0.7620350109409191
0.09500585251658213,0.27359462,0.7620350109409191
0.09500585251658213,0.27277005,0.762582056892779
0.09598127194693719,0.27086243,0.762582056892779
0.09598127194693719,0.2707738,0.763129102844639
0.0961763558330082,0.26994345,0.763129102844639
0.0961763558330082,0.26938927,0.7636761487964989
0.09676160749122123,0.26766384,0.7636761487964989
0.09676160749122123,0.26708227,0.7653172866520788
0.09812719469371829,0.2651344,0.7653172866520788
0.09812719469371829,0.26513159999999997,0.7658643326039387
0.10046820132657043,0.26237267,0.7658643326039387
0.10046820132657043,0.26221752,0.7664113785557987
0.10105345298478345,0.2616881,0.7664113785557987
0.10105345298478345,0.2613489,0.7675054704595186
0.10163870464299649,0.25992933,0.7675054704595186
0.10163870464299649,0.2594394,0.7680525164113785
0.10261412407335155,0.25793156,0.7680525164113785
0.10261412407335155,0.25768074,0.7685995623632386
0.1037846273897776,0.25575143,0.7685995623632386
0.1037846273897776,0.25566947,0.7691466083150985
0.1055403823644167,0.25177997,0.7691466083150985
0.1055403823644167,0.25177938,0.7696936542669585
0.10632071790870073,0.25050548,0.7696936542669585
0.10632071790870073,0.2500077,0.7707877461706784
0.1074912212251268,0.24909182,0.7707877461706784
0.1074912212251268,0.24906631,0.7713347921225383
0.10768630511119781,0.24849439,0.7713347921225383
0.10768630511119781,0.24807116,0.7724288840262582
0.10827155676941085,0.24767767,0.7724288840262582
0.10827155676941085,0.24657604,0.7729759299781181
0.111197815060476,0.24321811,0.7729759299781181
0.111197815060476,0.24255559,0.7735229759299781
0.11197815060476005,0.24109083,0.7735229759299781
0.11197815060476005,0.24082878,0.774617067833698
0.11217323449083105,0.24074005,0.774617067833698
0.11217323449083105,0.24052818,0.7751641137855579
0.11236831837690207,0.24051598,0.7751641137855579
0.11236831837690207,0.24028404,0.7757111597374179
0.11275848614904409,0.24004903,0.7757111597374179
0.11275848614904409,0.23951788,0.7768052516411379
0.11334373780725712,0.2384576,0.7768052516411379
0.11334373780725712,0.23830839,0.7773522975929978
0.11568474444010925,0.23546697,0.7773522975929978
0.11568474444010925,0.2353373,0.7778993435448578
0.11646507998439329,0.23309850000000001,0.7778993435448578
0.11646507998439329,0.23266864,0.7784463894967177
0.1186110027311744,0.22973369999999999,0.7784463894967177
0.1186110027311744,0.2295741,0.7789934354485777
0.11978150604760048,0.22810513,0.7789934354485777
0.11978150604760048,0.22789235,0.7800875273522976
0.12153726102223956,0.22680274,0.7800875273522976
0.12153726102223956,0.22680019,0.7806345733041575
0.12309793211080765,0.2242837,0.7806345733041575
0.12309793211080765,0.22423396,0.7811816192560175
0.12329301599687865,0.2241427,0.7811816192560175
0.12329301599687865,0.22375879999999998,0.7822757111597374
0.12387826765509169,0.22326025,0.7822757111597374
0.12387826765509169,0.22209191,0.7828227571115973
0.12426843542723372,0.22163658,0.7828227571115973
0.12426843542723372,0.22111908,0.7833698030634574
0.12446351931330472,0.22080764,0.7833698030634574
0.12446351931330472,0.22028972,0.7844638949671773
0.1258291065158018,0.2189504,0.7844638949671773
0.1258291065158018,0.21891572,0.7850109409190372
0.12660944206008584,0.21802305,0.7850109409190372
0.12660944206008584,0.21779051,0.7861050328227571
0.12719469371829886,0.21742567,0.7861050328227571
0.12719469371829886,0.21738204,0.787199124726477
0.12797502926258292,0.21679364,0.787199124726477
0.12797502926258292,0.21649398,0.7882932166301969
0.12836519703472493,0.21630149,0.7882932166301969
0.12836519703472493,0.21576327,0.7899343544857768
0.129535700351151,0.21388835,0.7899343544857768
0.129535700351151,0.21325009,0.7904814004376368
0.129730784237222,0.21310103,0.7904814004376368
0.129730784237222,0.21304756,0.7910284463894968
0.12992586812329301,0.21277067,0.7910284463894968
0.12992586812329301,0.21250089,0.7915754923413567
0.13109637143971908,0.21105063,0.7915754923413567
0.13109637143971908,0.21064210000000003,0.7921225382932167
0.13460788138899726,0.20755783,0.7921225382932167
0.13460788138899726,0.20710766,0.7932166301969366
0.13597346859149434,0.20619544,0.7932166301969366
0.13597346859149434,0.20609845,0.7937636761487965
0.13636363636363635,0.20599309,0.7937636761487965
0.13636363636363635,0.20596904,0.7943107221006565
0.13753413968006242,0.20513849,0.7943107221006565
0.13753413968006242,0.20451543,0.7948577680525164
0.13831447522434648,0.20357896,0.7948577680525164
0.13831447522434648,0.20325926,0.7954048140043763
0.1388997268825595,0.20311521,0.7954048140043763
0.1388997268825595,0.2029263,0.7959518599562363
0.14026531408505657,0.20038688,0.7959518599562363
0.14026531408505657,0.20021448,0.7964989059080962
0.14124073351541164,0.19868563,0.7964989059080962
0.14124073351541164,0.19842683,0.7970459518599562
0.14163090128755365,0.19806361,0.7970459518599562
0.14163090128755365,0.19781114,0.7975929978118161
0.14182598517362466,0.1977921,0.7975929978118161
0.14182598517362466,0.19762373,0.7981400437636762
0.14221615294576667,0.19744721,0.7981400437636762
0.14221615294576667,0.19712336,0.7992341356673961
0.1426063207179087,0.1970259,0.7992341356673961
0.1426063207179087,0.19690171,0.799781181619256
0.14358174014826375,0.19599527,0.799781181619256
0.14358174014826375,0.19595632,0.800328227571116
0.14397190792040576,0.19585928,0.800328227571116
0.14397190792040576,0.1953364,0.8014223194748359
0.15060476004682014,0.18968049,0.8014223194748359
0.15060476004682014,0.18957639999999998,0.8019693654266958
0.15079984393289114,0.18914647,0.8019693654266958
0.15079984393289114,0.18863297,0.8025164113785558
0.15255559890753023,0.18815602,0.8025164113785558
0.15255559890753023,0.18805884,0.8030634573304157
0.1533359344518143,0.18743892,0.8030634573304157
0.1533359344518143,0.1874109,0.8036105032822757
0.15450643776824036,0.18648499999999998,0.8036105032822757
0.15450643776824036,0.18603879,0.8041575492341356
0.15801794771751854,0.18308292,0.8041575492341356
0.15801794771751854,0.18253470000000002,0.8047045951859956
0.16191962543893873,0.17894200000000002,0.8047045951859956
0.16191962543893873,0.17886381,0.8052516411378556
0.16230979321108077,0.1784975,0.8052516411378556
0.16230979321108077,0.17840356,0.8057986870897156
0.16269996098322279,0.17775774,0.8057986870897156
0.16269996098322279,0.17688088,0.8068927789934355
0.16543113538821694,0.17535287,0.8068927789934355
0.16543113538821694,0.17515507,0.8074398249452954
0.16621147093250097,0.17440529999999999,0.8074398249452954
0.16621147093250097,0.17412147,0.8079868708971554
0.16718689036285603,0.1734829,0.8079868708971554
0.16718689036285603,0.17338558,0.8085339168490153
0.16738197424892703,0.17336811,0.8085339168490153
0.16738197424892703,0.17316572,0.8090809628008753
0.16796722590714008,0.17302819,0.8090809628008753
0.16796722590714008,0.17296132,0.8096280087527352
0.1685524775653531,0.1726721,0.8096280087527352
0.1685524775653531,0.17246607,0.8101750547045952
0.17128365197034726,0.17083994,0.8101750547045952
0.17128365197034726,0.17065209,0.8107221006564551
0.17186890362856028,0.17059252,0.8107221006564551
0.17186890362856028,0.17045236,0.8112691466083151
0.17303940694498635,0.16982862,0.8112691466083151
0.17303940694498635,0.16980083,0.811816192560175
0.17362465860319937,0.16881368,0.811816192560175
0.17362465860319937,0.16878082,0.812363238512035
0.17518532969176745,0.16767359,0.812363238512035
0.17518532969176745,0.16759463,0.812910284463895
0.17635583300819352,0.16616279,0.812910284463895
0.17635583300819352,0.16615169,0.813457330415755
0.17655091689426453,0.16600779,0.813457330415755
0.17655091689426453,0.16576503,0.8145514223194749
0.1775263363246196,0.16552565,0.8145514223194749
0.1775263363246196,0.16552270000000002,0.8150984682713348
0.1777214202106906,0.16548271,0.8150984682713348
0.1777214202106906,0.16538514,0.8161925601750547
0.17928209129925868,0.16407126,0.8161925601750547
0.17928209129925868,0.1640637,0.8167396061269147
0.18103784627389777,0.16342801,0.8167396061269147
0.18103784627389777,0.16297717,0.8183807439824945
0.18376902067889192,0.16105402,0.8183807439824945
0.18376902067889192,0.1607826,0.8194748358862144
0.18396410456496293,0.16073303,0.8194748358862144
0.18396410456496293,0.16068327,0.8200218818380745
0.18415918845103393,0.16057417,0.8200218818380745
0.18415918845103393,0.16045779,0.8205689277899344
0.1870854467420991,0.15866202,0.8205689277899344
0.1870854467420991,0.15864077,0.8211159737417943
0.18923136948888022,0.15687627,0.8211159737417943
0.18923136948888022,0.15685245,0.8216630196936543
0.19001170503316425,0.15590797,0.8216630196936543
0.19001170503316425,0.15577303,0.8227571115973742
0.1904018728053063,0.15567620000000001,0.8227571115973742
0.1904018728053063,0.15562089,0.8233041575492341
0.1923527116660164,0.1542046,0.8233041575492341
0.1923527116660164,0.15397634,0.8238512035010941
0.19332813109637145,0.15354988,0.8238512035010941
0.19332813109637145,0.15351354,0.824398249452954
0.19391338275458447,0.15328245,0.824398249452954
0.19391338275458447,0.15325534,0.824945295404814
0.19488880218493954,0.15200268,0.824945295404814
0.19488880218493954,0.1518796,0.8260393873085339
0.19625438938743658,0.150806,0.8260393873085339
0.19625438938743658,0.15049154,0.8265864332603938
0.1982052282481467,0.1493614,0.8265864332603938
0.1982052282481467,0.14917101,0.8271334792122538
0.20093640265314086,0.1480986,0.8271334792122538
0.20093640265314086,0.14799236,0.8276805251641138
0.20113148653921187,0.14793038,0.8276805251641138
0.20113148653921187,0.14791782,0.8282275711159738
0.20444791260241904,0.14606428,0.8282275711159738
0.20444791260241904,0.14575922,0.8293216630196937
0.2052282481467031,0.14563008,0.8293216630196937
0.2052282481467031,0.14562103,0.8298687089715536
0.20600858369098712,0.14528573,0.8298687089715536
0.20600858369098712,0.14500324,0.8304157549234136
0.20620366757705813,0.14479545,0.8304157549234136
0.20620366757705813,0.14475404,0.8309628008752735
0.2073741708934842,0.14367588,0.8309628008752735
0.2073741708934842,0.14341758,0.8315098468271335
0.20795942255169722,0.14306282,0.8315098468271335
0.20795942255169722,0.1429737,0.8326039387308534
0.20854467420991027,0.14231633,0.8326039387308534
0.20854467420991027,0.14227425,0.8331509846827133
0.21030042918454936,0.14149052,0.8331509846827133
0.21030042918454936,0.14140876,0.8336980306345733
0.21166601638704644,0.14064783,0.8336980306345733
0.21166601638704644,0.14061525,0.8347921225382933
0.2130316035895435,0.1397517,0.8347921225382933
0.2130316035895435,0.13968977,0.8353391684901532
0.21322668747561452,0.13966124,0.8353391684901532
0.21322668747561452,0.13958026,0.8358862144420132
0.21927428794381584,0.13699135,0.8358862144420132
0.21927428794381584,0.13685587,0.8369803063457331
0.22083495903238393,0.13625748,0.8369803063457331
0.22083495903238393,0.13613770000000003,0.837527352297593
0.222395630120952,0.13566816,0.837527352297593
0.222395630120952,0.13556233,0.838074398249453
0.22259071400702302,0.13552962,0.838074398249453
0.22259071400702302,0.13550727,0.8386214442013129
0.2239563012095201,0.1350935,0.8386214442013129
0.2239563012095201,0.13499756,0.8397155361050328
0.2241513850955911,0.13498601,0.8397155361050328
0.2241513850955911,0.13491604,0.8408096280087527
0.22551697229808818,0.13452986,0.8408096280087527
0.22551697229808818,0.1344865,0.8413566739606126
0.22649239172844324,0.13424915,0.8413566739606126
0.22649239172844324,0.13413374,0.8419037199124726
0.22805306281701132,0.13331166,0.8419037199124726
0.22805306281701132,0.13298307,0.8424507658643327
0.22883339836129535,0.13266,0.8424507658643327
0.22883339836129535,0.13265818,0.8429978118161926
0.23019898556379242,0.13227546,0.8429978118161926
0.23019898556379242,0.13209628,0.8435448577680525
0.2313694888802185,0.13169372,0.8435448577680525
0.2313694888802185,0.13159394,0.8440919037199125
0.23253999219664456,0.13114138,0.8440919037199125
0.23253999219664456,0.13106523,0.8446389496717724
0.23546625048770972,0.13012677,0.8446389496717724
0.23546625048770972,0.1299367,0.8451859956236324
0.23605150214592274,0.12976564,0.8451859956236324
0.23605150214592274,0.12964413,0.8457330415754923
0.2366367538041358,0.1293718,0.8457330415754923
0.2366367538041358,0.1292534,0.8462800875273523
0.23819742489270387,0.12879539,0.8462800875273523
0.23819742489270387,0.12874480000000002,0.8468271334792122
0.24053843152555598,0.12796044,0.8468271334792122
0.24053843152555598,0.12785533,0.8473741794310722
0.2506827936012485,0.12452768,0.8473741794310722
0.2506827936012485,0.12445196,0.8484682713347921
0.25087787748731954,0.12443653,0.8484682713347921
0.25087787748731954,0.12439393,0.849015317286652
0.25263363246195863,0.12395497,0.849015317286652
0.25263363246195863,0.123940624,0.8495623632385121
0.25302380023410065,0.12390482,0.8495623632385121
0.25302380023410065,0.12388915,0.850109409190372
0.2532188841201717,0.12372145,0.850109409190372
0.2532188841201717,0.123720095,0.850656455142232
0.25380413577838473,0.12361419,0.850656455142232
0.25380413577838473,0.12335468,0.8512035010940919
0.2571205618415919,0.12175730000000001,0.8512035010940919
0.2571205618415919,0.121734016,0.8517505470459519
0.25809598127194694,0.12162674,0.8517505470459519
0.25809598127194694,0.12155188,0.8522975929978118
0.26004682013265706,0.12109919,0.8522975929978118
0.26004682013265706,0.121065974,0.8528446389496718
0.2608271556769411,0.12070922,0.8528446389496718
0.2608271556769411,0.12068677,0.8533916849015317
0.2612173234490831,0.1206289,0.8533916849015317
0.2612173234490831,0.12057079400000001,0.8539387308533917
0.26199765899336713,0.11973281,0.8539387308533917
0.26199765899336713,0.11966724,0.8544857768052516
0.26219274287943817,0.119591095,0.8544857768052516
0.26219274287943817,0.11953045,0.8550328227571116
0.2629730784237222,0.119275376,0.8550328227571116
0.2629730784237222,0.119006954,0.8555798687089715
0.26414358174014824,0.11867288,0.8555798687089715
0.26414358174014824,0.11863511,0.8566739606126915
0.2651190011705033,0.11828883,0.8566739606126915
0.2651190011705033,0.118270054,0.8572210065645515
0.26746000780335544,0.11759227,0.8572210065645515
0.26746000780335544,0.11757658,0.8577680525164114
0.27077643386656264,0.11675108,0.8577680525164114
0.27077643386656264,0.11667978,0.8583150984682714
0.2709715177526336,0.116670564,0.8583150984682714
0.2709715177526336,0.116588905,0.8588621444201313
0.27331252438548576,0.11543624,0.8588621444201313
0.27331252438548576,0.11540429,0.8594091903719913
0.27487319547405387,0.11500451,0.8594091903719913
0.27487319547405387,0.11492973,0.8605032822757112
0.2828716348029653,0.11253394,0.8605032822757112
0.2828716348029653,0.11251172,0.8610503282275711
0.2887241513850956,0.11088065,0.8610503282275711
0.2887241513850956,0.11082383,0.861597374179431
0.2891143191572376,0.11065134,0.861597374179431
0.2891143191572376,0.11063203,0.862144420131291
0.28989465470152165,0.11027436,0.862144420131291
0.28989465470152165,0.11027371,0.862691466083151
0.29028482247366366,0.11016619,0.862691466083151
0.29028482247366366,0.110108905,0.8632385120350109
0.29145532579008976,0.10977513,0.8632385120350109
0.29145532579008976,0.10964576,0.8637855579868708
0.296137339055794,0.10827099,0.8637855579868708
0.296137339055794,0.10823980000000001,0.8643326039387309
0.29711275848614904,0.1081219,0.8643326039387309
0.29711275848614904,0.10809065400000001,0.8648796498905909
0.29789309403043307,0.10790478,0.8648796498905909
0.29789309403043307,0.107865036,0.8654266958424508
0.29964884900507216,0.10718004,0.8654266958424508
0.29964884900507216,0.10716128,0.8659737417943107
0.30140460397971125,0.10685201,0.8659737417943107
0.30140460397971125,0.10670852,0.8665207877461707
0.30452594615684747,0.10585882,0.8665207877461707
0.30452594615684747,0.105770454,0.8676148796498906
0.30842762387826766,0.10494688,0.8676148796498906
0.30842762387826766,0.10493107,0.8681619256017505
0.30979321108076474,0.10468299,0.8681619256017505
0.30979321108076474,0.10464222,0.8687089715536105
0.3099882949668357,0.104597755,0.8687089715536105
0.3099882949668357,0.10455373,0.8698030634573304
0.3111587982832618,0.10424352,0.8698030634573304
0.3111587982832618,0.10422390000000001,0.8703501094091903
0.3113538821693328,0.10419209,0.8703501094091903
0.3113538821693328,0.104178526,0.8708971553610503
0.31154896605540383,0.104158625,0.8708971553610503
0.31154896605540383,0.10412478,0.8714442013129103
0.31193913382754584,0.10403874,0.8714442013129103
0.31193913382754584,0.10398563,0.8719912472647703
0.3133047210300429,0.10366086,0.8719912472647703
0.3133047210300429,0.10362122,0.8730853391684902
0.31467030823254,0.10335180000000001,0.8730853391684902
0.31467030823254,0.103315935,0.8736323851203501
0.315450643776824,0.10312389,0.8736323851203501
0.315450643776824,0.10311853,0.8741794310722101
0.3172063987514631,0.10290276,0.8741794310722101
0.3172063987514631,0.10286838,0.87472647702407
0.3179867342957472,0.10274803,0.87472647702407
0.3179867342957472,0.102739766,0.87527352297593
0.3203277409285993,0.102430865,0.87527352297593
0.3203277409285993,0.102414586,0.8758205689277899
0.32169332813109636,0.10221013400000001,0.8758205689277899
0.32169332813109636,0.10220705,0.8763676148796499
0.3218884120171674,0.102203675,0.8763676148796499
0.3218884120171674,0.102146015,0.8774617067833698
0.32247366367538044,0.101978526,0.8774617067833698
0.32247366367538044,0.101969175,0.8780087527352297
0.32344908310573545,0.101581655,0.8780087527352297
0.32344908310573545,0.10154998,0.8785557986870897
0.3248146703082325,0.101282306,0.8785557986870897
0.3248146703082325,0.10111293,0.8796498905908097
0.3261802575107296,0.10084973,0.8796498905908097
0.3261802575107296,0.10081182,0.8807439824945296
0.32637534139680063,0.1007655,0.8807439824945296
0.32637534139680063,0.10060651599999999,0.8812910284463895
0.3281310963714397,0.10011663,0.8812910284463895
0.3281310963714397,0.10010953,0.8818380743982495
0.33047210300429186,0.09966554,0.8818380743982495
0.33047210300429186,0.09960989,0.8823851203501094
0.33769020678891926,0.09804803,0.8823851203501094
0.33769020678891926,0.09804461,0.8829321663019694
0.34003121342177134,0.09748777,0.8829321663019694
0.34003121342177134,0.097466044,0.8834792122538293
0.3404213811939134,0.09729206,0.8834792122538293
0.3404213811939134,0.09725781,0.8840262582056893
0.34120171673819744,0.09697922,0.8840262582056893
0.34120171673819744,0.09693658,0.8845733041575492
0.3421771361685525,0.0967908,0.8845733041575492
0.3421771361685525,0.09674339,0.8851203501094091
0.3425673039406945,0.09672323,0.8851203501094091
0.3425673039406945,0.0967205,0.8856673960612691
0.34373780725712055,0.09655010000000001,0.8856673960612691
0.34373780725712055,0.096517645,0.8867614879649891
0.3445181428014046,0.09640734,0.8867614879649891
0.3445181428014046,0.09637956,0.887308533916849
0.3460788138899727,0.09613656,0.887308533916849
0.3460788138899727,0.09600841,0.887855579868709
0.34744440109246977,0.09575827,0.887855579868709
0.34744440109246977,0.095749095,0.888402625820569
0.3497854077253219,0.09521908,0.888402625820569
0.3497854077253219,0.09520199,0.8889496717724289
0.35134607881388996,0.09494977,0.8889496717724289
0.35134607881388996,0.09492869,0.8894967177242888
0.3532969176746001,0.09451281,0.8894967177242888
0.3532969176746001,0.09449683,0.8900437636761488
0.3540772532188841,0.09437059,0.8900437636761488
0.3540772532188841,0.09429506,0.8905908096280087
0.3544674209910261,0.094239935,0.8905908096280087
0.3544674209910261,0.09421495,0.8911378555798687
0.3558330081935232,0.09382299,0.8911378555798687
0.3558330081935232,0.09381744,0.8916849015317286
0.35856418259851736,0.093247324,0.8916849015317286
0.35856418259851736,0.09317752,0.8922319474835886
0.35973468591494345,0.092869036,0.8922319474835886
0.35973468591494345,0.09285582,0.8927789934354485
0.36246586031993755,0.09219304,0.8927789934354485
0.36246586031993755,0.092184685,0.8933260393873085
0.3628560280920796,0.09217173,0.8933260393873085
0.3628560280920796,0.092060365,0.8938730853391685
0.3644166991806477,0.09176116,0.8938730853391685
0.3644166991806477,0.09167841,0.8944201312910285
0.3665626219274288,0.09149095,0.8944201312910285
0.3665626219274288,0.09144404,0.8955142231947484
0.3669527896995708,0.09142845,0.8955142231947484
0.3669527896995708,0.09140169599999999,0.8960612691466083
0.3671478735856418,0.09139679,0.8960612691466083
0.3671478735856418,0.091388114,0.8966083150984683
0.37514631291455325,0.09004406,0.8966083150984683
0.37514631291455325,0.08994807,0.8977024070021882
0.3753413968006243,0.08993231,0.8977024070021882
0.3753413968006243,0.08991667,0.8982494529540481
0.3776824034334764,0.08932601,0.8982494529540481
0.3776824034334764,0.089317575,0.8987964989059081
0.3817791650409676,0.08852237,0.8987964989059081
0.3817791650409676,0.08851655,0.899343544857768
0.3835349200156067,0.08822245,0.899343544857768
0.3835349200156067,0.088186435,0.899890590809628
0.38431525555989077,0.08794808,0.899890590809628
0.38431525555989077,0.08794189,0.9004376367614879
0.38529067499024583,0.08783841,0.9004376367614879
0.38529067499024583,0.08780305,0.900984682713348
0.3876316816230979,0.08742614,0.900984682713348
0.3876316816230979,0.08740198,0.9015317286652079
0.39582520483808037,0.08597005,0.9015317286652079
0.39582520483808037,0.085953675,0.9020787746170679
0.3966055403823644,0.085748,0.9020787746170679
0.3966055403823644,0.08573069,0.9026258205689278
0.3973858759266485,0.08563937,0.9026258205689278
0.3973858759266485,0.08560311,0.9037199124726477
0.3979711275848615,0.08552222,0.9037199124726477
0.3979711275848615,0.08544391,0.9042669584245077
0.3999219664455716,0.08510911,0.9042669584245077
0.3999219664455716,0.085080855,0.9048140043763676
0.4012875536480687,0.08487949,0.9048140043763676
0.4012875536480687,0.08486882,0.9053610503282276
0.4034334763948498,0.08449366,0.9053610503282276
0.4034334763948498,0.084461294,0.9059080962800875
0.4100663285212641,0.083346315,0.9059080962800875
0.4100663285212641,0.083273426,0.9064551422319475
0.41767460007803353,0.08198453,0.9064551422319475
0.41767460007803353,0.081951,0.9070021881838074
0.4202106905969567,0.08136180000000001,0.9070021881838074
0.4202106905969567,0.08134591,0.9075492341356673
0.42313694888802184,0.08083172,0.9075492341356673
0.42313694888802184,0.08082951,0.9080962800875274
0.42469761997658995,0.08067355,0.9080962800875274
0.42469761997658995,0.08066981,0.9086433260393874
0.42723371049551306,0.08030751,0.9086433260393874
0.42723371049551306,0.08029878,0.9091903719912473
0.4276238782676551,0.08024302,0.9091903719912473
0.4276238782676551,0.080225974,0.9097374179431073
0.4299648849005072,0.07958426,0.9097374179431073
0.4299648849005072,0.07946828,0.9102844638949672
0.43971907920405773,0.077933125,0.9102844638949672
0.43971907920405773,0.077920325,0.9108315098468271
0.44206008583690987,0.07752466,0.9108315098468271
0.44206008583690987,0.07749942,0.9113785557986871
0.4422551697229809,0.07746884,0.9113785557986871
0.4422551697229809,0.077459976,0.911925601750547
0.4426453374951229,0.077383585,0.911925601750547
0.4426453374951229,0.07736697,0.912472647702407
0.4457666796722591,0.07687078,0.912472647702407
0.4457666796722591,0.07685417,0.9130196936542669
0.4479126024190402,0.076659024,0.9130196936542669
0.4479126024190402,0.07662126400000001,0.9135667396061269
0.4522044479126024,0.07615828,0.9135667396061269
0.4522044479126024,0.07614241,0.9141137855579868
0.45278969957081544,0.076046325,0.9141137855579868
0.45278969957081544,0.07604074,0.9146608315098468
0.45317986734295745,0.07596280400000001,0.9146608315098468
0.45317986734295745,0.07595253,0.9152078774617067
0.45396020288724154,0.07587774,0.9152078774617067
0.45396020288724154,0.07586202,0.9157549234135668
0.4553257900897386,0.07579452,0.9157549234135668
0.4553257900897386,0.07575757,0.9163019693654267
0.4570815450643777,0.075584605,0.9163019693654267
0.4570815450643777,0.07557430000000001,0.9168490153172867
0.4572766289504487,0.07557179,0.9168490153172867
0.4572766289504487,0.07555284,0.9173960612691466
0.4594225516972298,0.07528042,0.9173960612691466
0.4594225516972298,0.07527924,0.9179431072210066
0.45981271946937186,0.07523384,0.9179431072210066
0.45981271946937186,0.075158596,0.9184901531728665
0.46020288724151387,0.07508375,0.9184901531728665
0.46020288724151387,0.07500177599999999,0.9190371991247265
0.46156847444401095,0.07472491,0.9190371991247265
0.46156847444401095,0.07471148,0.9195842450765864
0.462934061646508,0.074541524,0.9195842450765864
0.462934061646508,0.07451635599999999,0.9201312910284464
0.4656652360515021,0.07415833,0.9201312910284464
0.4656652360515021,0.07413397,0.9206783369803063
0.4666406554818572,0.074002154,0.9206783369803063
0.4666406554818572,0.07400129,0.9212253829321663
0.4707374170893484,0.0734872,0.9212253829321663
0.4707374170893484,0.07345478,0.9217724288840262
0.47093250097541944,0.073443845,0.9217724288840262
0.47093250097541944,0.07343527,0.9223194748358862
0.4711275848614904,0.07343349,0.9223194748358862
0.4711275848614904,0.073411465,0.9228665207877462
0.4742489270386266,0.07295864,0.9228665207877462
0.4742489270386266,0.07293096,0.9234135667396062
0.4832227857978931,0.071996436,0.9234135667396062
0.4832227857978931,0.07198889,0.9239606126914661
0.48634412797502924,0.07162489999999999,0.9239606126914661
0.48634412797502924,0.07159751,0.9245076586433261
0.4867342957471713,0.07153029,0.9245076586433261
0.4867342957471713,0.07145896,0.925054704595186
0.4908310573546625,0.071014,0.925054704595186
0.4908310573546625,0.07099548,0.925601750547046
0.4957081545064378,0.070357166,0.925601750547046
0.4957081545064378,0.07032769,0.9261487964989059
0.4984393289114319,0.070022136,0.9261487964989059
0.4984393289114319,0.06994959,0.9266958424507659
0.5021459227467812,0.06950778,0.9266958424507659
0.5021459227467812,0.0694498,0.9272428884026258
0.5035115099492782,0.06930215,0.9272428884026258
0.5035115099492782,0.069279514,0.9277899343544858
0.5037065938353492,0.06927622,0.9277899343544858
0.5037065938353492,0.069259904,0.9283369803063457
0.5099492781896215,0.06841854,0.9283369803063457
0.5099492781896215,0.06836007,0.9288840262582057
0.5150214592274678,0.06786203,0.9288840262582057
0.5150214592274678,0.06780734,0.9294310722100656
0.5175575497463909,0.06758764,0.9294310722100656
0.5175575497463909,0.06758155,0.9299781181619255
0.5204838080374561,0.06720095,0.9299781181619255
0.5204838080374561,0.067180075,0.9305251641137856
0.5214592274678111,0.067112066,0.9305251641137856
0.5214592274678111,0.0671081,0.9310722100656456
0.5224346468981662,0.066939786,0.9310722100656456
0.5224346468981662,0.06692849,0.9316192560175055
0.5232149824424502,0.066820465,0.9316192560175055
0.5232149824424502,0.066800505,0.9321663019693655
0.5241904018728053,0.06676801,0.9321663019693655
0.5241904018728053,0.06671788,0.9327133479212254
0.5286773312524385,0.066234246,0.9327133479212254
0.5286773312524385,0.06620253599999999,0.9332603938730853
0.5288724151385096,0.06616807,0.9332603938730853
0.5288724151385096,0.06614937,0.9338074398249453
0.5306281701131487,0.06585244,0.9338074398249453
0.5306281701131487,0.06582836,0.9343544857768052
0.5321888412017167,0.06565086,0.9343544857768052
0.5321888412017167,0.06565083599999999,0.9349015317286652
0.5341396800624268,0.06546067400000001,0.9349015317286652
0.5341396800624268,0.065458745,0.9354485776805251
0.5351150994927819,0.06537025,0.9354485776805251
0.5351150994927819,0.065341845,0.9359956236323851
0.5357003511509949,0.06523755,0.9359956236323851
0.5357003511509949,0.06522892,0.936542669584245
0.536285602809208,0.06517733,0.936542669584245
0.536285602809208,0.06516335,0.937089715536105
0.538236441669918,0.06493609,0.937089715536105
0.538236441669918,0.064931825,0.937636761487965
0.5454545454545454,0.06406788,0.937636761487965
0.5454545454545454,0.06404004,0.938183807439825
0.5456496293406164,0.06403322,0.938183807439825
0.5456496293406164,0.06399862,0.9387308533916849
0.5487709715177527,0.06382979,0.9387308533916849
0.5487709715177527,0.063786544,0.9392778993435449
0.554233320327741,0.06317157,0.9392778993435449
0.554233320327741,0.06315275,0.9398249452954048
0.5626219274287944,0.06234854,0.9398249452954048
0.5626219274287944,0.06231462,0.9403719912472648
0.5634022629730784,0.06217557,0.9403719912472648
0.5634022629730784,0.06212152,0.9414660831509847
0.5680842762387827,0.061727908,0.9414660831509847
0.5680842762387827,0.061709564,0.9420131291028446
0.5723761217323449,0.061144773,0.9420131291028446
0.5723761217323449,0.061130762000000005,0.9425601750547046
0.5754974639094811,0.06082823,0.9425601750547046
0.5754974639094811,0.060796272,0.9436542669584245
0.5766679672259072,0.060695633,0.9436542669584245
0.5766679672259072,0.060664672,0.9442013129102844
0.5768630511119781,0.060647264000000006,0.9442013129102844
0.5768630511119781,0.060629677,0.9447483588621444
0.5788138899726882,0.060305014000000004,0.9447483588621444
0.5788138899726882,0.06029564,0.9452954048140044
0.5823253999219664,0.06004544,0.9452954048140044
0.5823253999219664,0.060032703,0.9458424507658644
0.5838860710105346,0.05976726,0.9458424507658644
0.5838860710105346,0.059741393,0.9463894967177243
0.5872024970737417,0.059382744,0.9463894967177243
0.5872024970737417,0.059379275999999995,0.9469365426695843
0.5928599297698011,0.05879016,0.9469365426695843
0.5928599297698011,0.058766085999999995,0.9474835886214442
0.6059305501365587,0.05759438,0.9474835886214442
0.6059305501365587,0.057582334000000006,0.9480306345733042
0.6078813889972688,0.057332892,0.9480306345733042
0.6078813889972688,0.05732633,0.9485776805251641
0.6149044088958252,0.056546632,0.9485776805251641
0.6149044088958252,0.056545004,0.9491247264770241
0.6207569254779555,0.056122902999999995,0.9491247264770241
0.6207569254779555,0.056104627000000004,0.949671772428884
0.6230979321108077,0.055889892999999996,0.949671772428884
0.6230979321108077,0.055846043,0.950218818380744
0.6279750292625829,0.055407725,0.950218818380744
0.6279750292625829,0.05540628,0.9507658643326039
0.6316816230979321,0.055109132000000005,0.9507658643326039
0.6316816230979321,0.05509163,0.9513129102844639
0.6353882169332813,0.05491822,0.9513129102844639
0.6353882169332813,0.054917945999999995,0.9518599562363238
0.6398751463129145,0.05447968,0.9518599562363238
0.6398751463129145,0.054478012,0.9524070021881839
0.6447522434646898,0.05408329,0.9524070021881839
0.6447522434646898,0.054077633,0.9529540481400438
0.6461178306671869,0.054018524000000005,0.9529540481400438
0.6461178306671869,0.054017134,0.9535010940919038
0.6476785017557549,0.053944487,0.9535010940919038
0.6476785017557549,0.053900002999999995,0.9540481400437637
0.647873585641826,0.053871006,0.9540481400437637
0.647873585641826,0.053850300000000004,0.9545951859956237
0.6584081154896606,0.052907985,0.9545951859956237
0.6584081154896606,0.052867882000000005,0.9551422319474836
0.6597737026921576,0.052726835,0.9551422319474836
0.6597737026921576,0.05268167,0.9556892778993435
0.6625048770971518,0.05239317,0.9556892778993435
0.6625048770971518,0.052366115,0.9562363238512035
0.6656262192742879,0.052187063,0.9562363238512035
0.6656262192742879,0.052115466,0.9573304157549234
0.6695278969957081,0.051643573,0.9573304157549234
0.6695278969957081,0.051626213,0.9578774617067833
0.6718689036285603,0.051506437,0.9578774617067833
0.6718689036285603,0.051484697,0.9584245076586433
0.6824034334763949,0.05038383,0.9584245076586433
0.6824034334763949,0.05034930000000001,0.9589715536105032
0.684159188451034,0.05014072,0.9589715536105032
0.684159188451034,0.050139584,0.9595185995623632
0.684939523995318,0.05009131,0.9595185995623632
0.684939523995318,0.05008148,0.9600656455142232
0.6905969566913773,0.049502067000000004,0.9600656455142232
0.6905969566913773,0.049484335,0.9606126914660832
0.6958642216152946,0.049081024,0.9606126914660832
0.6958642216152946,0.04907976,0.9611597374179431
0.6972298088177916,0.048894055,0.9611597374179431
0.6972298088177916,0.048883293,0.9617067833698031
0.7054233320327741,0.04806753,0.9617067833698031
0.7054233320327741,0.048041213,0.962253829321663
0.7065938353492002,0.0478972,0.962253829321663
0.7065938353492002,0.04789307,0.962800875273523
0.7073741708934842,0.047862247000000004,0.962800875273523
0.7073741708934842,0.04784061,0.9633479212253829
0.7075692547795552,0.047830782999999995,0.9633479212253829
0.7075692547795552,0.04777716,0.9638949671772429
0.7087397580959812,0.047722407,0.9638949671772429
0.7087397580959812,0.04772185,0.9644420131291028
0.7093250097541943,0.047714155,0.9644420131291028
0.7093250097541943,0.047713122999999996,0.9649890590809628
0.7114709325009754,0.04755769,0.9649890590809628
0.7114709325009754,0.047555695999999995,0.9655361050328227
0.7118611002731174,0.047535557,0.9655361050328227
0.7118611002731174,0.047530055,0.9666301969365426
0.7182988685134608,0.046919174,0.9666301969365426
0.7182988685134608,0.046882815999999994,0.9677242888402626
0.7188841201716738,0.046861824,0.9677242888402626
0.7188841201716738,0.0468524,0.9682713347921226
0.7214202106905969,0.04651658,0.9682713347921226
0.7214202106905969,0.046515416,0.9688183807439825
0.721615294576668,0.046511903,0.9688183807439825
0.721615294576668,0.04649647,0.9693654266958425
0.7229808817791651,0.046452038,0.9693654266958425
0.7229808817791651,0.046437852,0.9699124726477024
0.7235661334373781,0.046371352000000005,0.9699124726477024
0.7235661334373781,0.04635889,0.9704595185995624
0.7337104955130707,0.045582599999999994,0.9704595185995624
0.7337104955130707,0.04557606,0.9710065645514223
0.7344908310573547,0.045540683,0.9710065645514223
0.7344908310573547,0.04553672,0.9715536105032823
0.7385875926648459,0.04529307,0.9715536105032823
0.7385875926648459,0.045283746,0.9721006564551422
0.7456106125634022,0.044822235,0.9721006564551422
0.7456106125634022,0.044820633,0.9726477024070022
0.7460007803355443,0.044819225,0.9726477024070022
0.7460007803355443,0.044798948,0.9731947483588621
0.7502926258291065,0.04453206,0.9731947483588621
0.7502926258291065,0.044519315999999996,0.973741794310722
0.7580959812719469,0.043906823,0.973741794310722
0.7580959812719469,0.04389924,0.9742888402625821
0.759461568474444,0.04376448,0.9742888402625821
0.759461568474444,0.043736856,0.9748358862144421
0.759656652360515,0.04373659,0.9748358862144421
0.759656652360515,0.043716528,0.975382932166302
0.7606320717908701,0.043640044,0.975382932166302
0.7606320717908701,0.043593984,0.9770240700218819
0.7721420210690597,0.042535294,0.9770240700218819
0.7721420210690597,0.042535085,0.9775711159737418
0.7746781115879828,0.042301357000000005,0.9775711159737418
0.7746781115879828,0.042289652000000004,0.9781181619256017
0.777604369879048,0.04213505,0.9781181619256017
0.777604369879048,0.042130504000000006,0.9786652078774617
0.7885290674990246,0.04133185,0.9786652078774617
0.7885290674990246,0.041327637,0.9797592997811816
0.795552087397581,0.040720478,0.9797592997811816
0.795552087397581,0.04071247,0.9803063457330415
0.8031603589543503,0.040117476,0.9803063457330415
0.8031603589543503,0.04008947,0.9808533916849015
0.8053062817011315,0.039793603,0.9808533916849015
0.8053062817011315,0.039792728,0.9814004376367614
0.8062817011314866,0.039769504,0.9814004376367614
0.8062817011314866,0.039745547,0.9819474835886215
0.8076472883339836,0.039677445,0.9819474835886215
0.8076472883339836,0.03961603,0.9830415754923414
0.8099882949668358,0.039448645,0.9830415754923414
0.8099882949668358,0.039441023,0.9835886214442013
0.8232539992196645,0.038320277,0.9835886214442013
0.8236441669918064,0.03829097,0.9835886214442013
0.8238392508778775,0.038287707000000004,0.9835886214442013
0.8238392508778775,0.038264535,0.9841356673960613
0.8244245025360906,0.03824735,0.9841356673960613
0.8244245025360906,0.038205445,0.9846827133479212
0.8341786968396411,0.037366286,0.9846827133479212
0.8341786968396411,0.037360616,0.9852297592997812
0.8353492001560671,0.037250392,0.9852297592997812
0.8353492001560671,0.037212376,0.9857768052516411
0.8396410456496294,0.036876287,0.9857768052516411
0.8396410456496294,0.036819536,0.9863238512035011
0.8412017167381974,0.03666879,0.9863238512035011
0.8412017167381974,0.036651313,0.986870897155361
0.8425673039406945,0.036573276,0.986870897155361
0.8425673039406945,0.036566556,0.987417943107221
0.8505657432696059,0.035572152999999995,0.987417943107221
0.8505657432696059,0.035571575,0.9879649890590809
0.850955911041748,0.03554257,0.9879649890590809
0.850955911041748,0.035533607,0.9885120350109409
0.8548575887631682,0.035292722,0.9885120350109409
0.8548575887631682,0.035274513,0.9890590809628009
0.8570035115099492,0.03511293,0.9890590809628009
0.8570035115099492,0.03505354,0.9896061269146609
0.8603199375731565,0.03472005,0.9896061269146609
0.8603199375731565,0.034689847,0.9907002188183808
0.8657822863831448,0.03416238,0.9907002188183808
0.8657822863831448,0.034156267000000004,0.9912472647702407
0.869098712446352,0.033712205,0.9912472647702407
0.869098712446352,0.033702105,0.9917943107221007
0.8716348029652751,0.033453986,0.9917943107221007
0.8716348029652751,0.03339856,0.9923413566739606
0.8728053062817012,0.03327514,0.9923413566739606
0.8728053062817012,0.03327164,0.9928884026258206
0.8745610612563403,0.033031836,0.9928884026258206
0.8745610612563403,0.033027556,0.9934354485776805
0.8958252048380804,0.030836126000000002,0.9934354485776805
0.8958252048380804,0.030821683,0.9939824945295405
0.9030433086227078,0.030222554,0.9939824945295405
0.9030433086227078,0.030207176000000002,0.9945295404814004
0.9133827545844713,0.029305575,0.9945295404814004
0.9133827545844713,0.029276182999999997,0.9950765864332604
0.9194303550526727,0.028749947999999997,0.9950765864332604
0.9194303550526727,0.028740323999999998,0.9956236323851203
0.92469761997659,0.028326817,0.9956236323851203
0.92469761997659,0.028280115,0.9961706783369803
0.9252828716348029,0.0282517,0.9961706783369803
0.9252828716348029,0.02823747,0.9967177242888403
0.9365977370269216,0.027061778999999998,0.9967177242888403
0.9365977370269216,0.027012902999999998,0.9972647702407003
0.944401092469762,0.02615173,0.9972647702407003
0.944401092469762,0.026123097,0.9978118161925602
0.9525946156847445,0.024961784,0.9978118161925602
0.9525946156847445,0.024883058,0.9983588621444202
0.9559110417479516,0.024470067,0.9983588621444202
0.9559110417479516,0.024458349,0.9989059080962801
0.9668357393679282,0.022901025,0.9989059080962801
0.9668357393679282,0.02287866,0.99945295404814
0.9957081545064378,0.015089548999999999,0.99945295404814
0.9957081545064378,0.0148608005,1.0
1.0,0.0107463505,1.0
